iteration,somat_disease_r,somat_disease_p,somat_mechanism_r,somat_mechanism_p
1,0.15270935960591134,0.19801980198019803,0.29064039408866993,0.07920792079207921
2,0.0722495894909688,0.37623762376237624,0.23043240284619596,0.1782178217821782
3,-0.13136288998357964,0.7722772277227723,0.25725232621784344,0.15841584158415842
4,-0.08866995073891626,0.7524752475247525,0.06130268199233716,0.38613861386138615
5,-0.0005473453749315818,0.5544554455445545,0.31910235358511224,0.10891089108910891
6,0.07991242474001095,0.36633663366336633,0.378215654077723,0.039603960396039604
7,-0.004378762999452655,0.5148514851485149,0.18555008210180626,0.19801980198019803
8,0.061850027367268745,0.37623762376237624,0.17077175697865354,0.2376237623762376
9,0.021893814997263273,0.38613861386138615,0.3234811165845649,0.13861386138613863
10,0.04324028461959496,0.43564356435643564,0.150519978106185,0.26732673267326734
11,0.2769567597153804,0.06930693069306931,0.49589490968801314,0.019801980198019802
12,0.08374384236453201,0.22772277227722773,0.15818281335522713,0.31683168316831684
13,0.0120415982484948,0.48514851485148514,0.2868089764641488,0.13861386138613863
14,0.1423097974822113,0.19801980198019803,0.22769567597153803,0.13861386138613863
15,-0.09250136836343732,0.6831683168316832,0.1444991789819376,0.31683168316831684
16,-0.08538587848932677,0.693069306930693,0.30322933771209637,0.09900990099009901
17,0.03338806787082649,0.44554455445544555,0.3541324575807335,0.06930693069306931
18,0.056376573617952924,0.37623762376237624,0.3130815544608648,0.13861386138613863
19,-0.030103995621236997,0.6138613861386139,0.3251231527093596,0.15841584158415842
20,-0.13738368910782706,0.7227722772277227,0.2928297755883963,0.1782178217821782
21,0.04159824849480022,0.3564356435643564,0.3771209633278598,0.04950495049504951
22,-0.07717569786535304,0.6534653465346535,0.29556650246305416,0.1188118811881188
23,0.056376573617952924,0.37623762376237624,0.26874657909140665,0.13861386138613863
24,-0.11275314723590585,0.6435643564356436,0.058018609742747675,0.3069306930693069
25,0.054187192118226604,0.31683168316831684,0.38149972632731255,0.0594059405940594
26,-0.01532567049808429,0.49504950495049505,0.2961138478379857,0.0891089108910891
27,-0.03667214012041598,0.5544554455445545,0.2889983579638752,0.09900990099009901
28,-0.030103995621236997,0.4752475247524752,0.3519430760810071,0.12871287128712872
29,0.17296113847837985,0.09900990099009901,0.3607006020799124,0.039603960396039604
30,-0.014230979748221127,0.44554455445544555,0.30268199233716475,0.09900990099009901
31,-0.08812260536398467,0.7128712871287128,0.2846195949644226,0.13861386138613863
32,-0.0180623973727422,0.45544554455445546,0.30870279146141216,0.1188118811881188
33,0.05692391899288451,0.39603960396039606,0.3552271483305966,0.0891089108910891
34,-0.07991242474001095,0.6435643564356436,0.28407224958949095,0.19801980198019803
35,-0.0481663929939792,0.6039603960396039,0.18117131910235357,0.22772277227722773
36,-0.04050355774493705,0.5148514851485149,0.38149972632731255,0.13861386138613863
37,-0.046524356869184456,0.5346534653465347,0.32567049808429116,0.1188118811881188
38,-0.0870279146141215,0.5346534653465347,0.1434044882320744,0.2871287128712871
39,0.09140667761357417,0.3465346534653465,0.3355227148330596,0.10891089108910891
40,0.1291735084838533,0.27722772277227725,0.43349753694581283,0.039603960396039604
41,0.11001642036124794,0.19801980198019803,0.32074438970990693,0.06930693069306931
42,0.0717022441160372,0.3465346534653465,0.33169129720853857,0.13861386138613863
43,0.10673234811165844,0.31683168316831684,0.25013683634373285,0.15841584158415842
44,-0.0810071154898741,0.693069306930693,0.21893814997263272,0.18811881188118812
45,0.050355774493705534,0.43564356435643564,0.4176245210727969,0.0594059405940594
46,-0.12643678160919541,0.7524752475247525,0.14559386973180075,0.31683168316831684
47,0.021346469622331693,0.504950495049505,0.28407224958949095,0.1188118811881188
48,-0.11713191023535852,0.6732673267326733,0.06403940886699507,0.44554455445544555
49,-0.11384783798576902,0.6633663366336634,0.27805145046524354,0.21782178217821782
50,-0.09523809523809523,0.6237623762376238,0.1231527093596059,0.3069306930693069
51,-0.09195402298850575,0.6831683168316832,0.2928297755883963,0.13861386138613863
52,0.12370005473453749,0.24752475247524752,0.33114395183360695,0.04950495049504951
53,-0.14997263273125339,0.7524752475247525,0.13355227148330595,0.3069306930693069
54,-0.11548987411056376,0.801980198019802,0.2370005473453749,0.2079207920792079
55,0.03229337712096333,0.40594059405940597,0.29885057471264365,0.06930693069306931
56,-0.18500273672687464,0.8217821782178217,0.09140667761357417,0.43564356435643564
57,-0.025725232621784347,0.49504950495049505,0.11603721948549535,0.2871287128712871
58,0.05473453749315818,0.4158415841584158,0.31198686371100165,0.0594059405940594
59,-0.07608100711548987,0.6831683168316832,0.1417624521072797,0.2079207920792079
60,-0.1472359058565955,0.801980198019802,0.21893814997263272,0.13861386138613863
61,0.04926108374384236,0.3564356435643564,0.2260536398467433,0.16831683168316833
62,-0.061850027367268745,0.5742574257425742,0.23590585659551178,0.06930693069306931
63,-0.0870279146141215,0.6831683168316832,0.1839080459770115,0.15841584158415842
64,0.039956212370005476,0.38613861386138615,0.3661740558292282,0.0594059405940594
65,-0.14887794198139023,0.7920792079207921,0.08593322386425835,0.26732673267326734
66,-0.04159824849480022,0.6138613861386139,0.1417624521072797,0.2376237623762376
67,0.09304871373836891,0.3069306930693069,0.27586206896551724,0.13861386138613863
68,-0.05692391899288451,0.5742574257425742,0.050355774493705534,0.38613861386138615
69,0.062397372742200335,0.33663366336633666,0.24521072796934865,0.10891089108910891
70,-0.07060755336617405,0.6237623762376238,0.2857142857142857,0.21782178217821782
71,0.08155446086480568,0.3069306930693069,0.39792008757526,0.0594059405940594
72,-0.16803503010399565,0.8217821782178217,0.1981390257252326,0.22772277227722773
73,0.05309250136836344,0.37623762376237624,0.26053639846743293,0.13861386138613863
74,-0.13136288998357964,0.7821782178217822,0.12151067323481116,0.25742574257425743
75,0.06732348111658455,0.26732673267326734,0.37055281882868085,0.10891089108910891
76,0.0016420361247947454,0.5148514851485149,0.2260536398467433,0.1782178217821782
77,0.06841817186644773,0.26732673267326734,0.3240284619594964,0.09900990099009901
78,-0.019704433497536946,0.49504950495049505,0.2430213464696223,0.1485148514851485
79,0.013136288998357963,0.42574257425742573,0.20142309797482214,0.297029702970297
80,0.03667214012041598,0.36633663366336633,0.1423097974822113,0.19801980198019803
81,-0.16037219485495346,0.7524752475247525,0.025725232621784347,0.38613861386138615
82,0.07279693486590037,0.31683168316831684,0.19978106185002736,0.1782178217821782
83,-0.08045977011494251,0.6237623762376238,0.2348111658456486,0.22772277227722773
84,-0.06896551724137931,0.6534653465346535,0.11056376573617953,0.3069306930693069
85,-0.01751505199781062,0.46534653465346537,0.3295019157088122,0.1188118811881188
86,-0.13738368910782706,0.7128712871287128,0.2370005473453749,0.16831683168316833
87,0.08921729611384782,0.32673267326732675,0.34920634920634924,0.06930693069306931
88,0.16310892172961136,0.22772277227722773,0.34865900383141757,0.039603960396039604
89,0.15161466885604818,0.24752475247524752,0.21620142309797483,0.22772277227722773
90,0.0016420361247947454,0.46534653465346537,0.32074438970990693,0.0891089108910891
91,0.008210180623973728,0.4752475247524752,0.3513957307060755,0.12871287128712872
92,0.016420361247947456,0.4752475247524752,0.3968253968253968,0.0297029702970297
93,0.00930487137383689,0.44554455445544555,0.270935960591133,0.1485148514851485
94,-0.07389162561576354,0.6138613861386139,0.1231527093596059,0.2871287128712871
95,-0.010399562123700055,0.45544554455445546,0.3185550082101806,0.12871287128712872
96,-0.06349206349206349,0.7128712871287128,0.18773946360153257,0.22772277227722773
97,-0.03393541324575808,0.5841584158415841,0.19978106185002736,0.27722772277227725
98,0.0120415982484948,0.42574257425742573,0.18336070060207993,0.27722772277227725
99,-0.02955665024630542,0.48514851485148514,0.14559386973180075,0.297029702970297
100,0.03284072249589491,0.42574257425742573,0.3322386425834702,0.0891089108910891
101,-0.01532567049808429,0.43564356435643564,0.1384783798576902,0.36633663366336633
102,0.14066776135741652,0.19801980198019803,0.38314176245210724,0.0594059405940594
103,-0.06568144499178982,0.5742574257425742,0.18555008210180626,0.22772277227722773
104,0.01751505199781062,0.37623762376237624,0.3196496989600438,0.10891089108910891
105,0.03229337712096333,0.3069306930693069,0.2320744389709907,0.16831683168316833
106,-0.00930487137383689,0.5148514851485149,0.15325670498084293,0.24752475247524752
107,-0.010946907498631636,0.46534653465346537,0.19321291735084836,0.10891089108910891
108,-0.10727969348659004,0.7722772277227723,0.2818828680897646,0.0891089108910891
109,-0.010399562123700055,0.5247524752475248,0.27805145046524354,0.19801980198019803
110,-0.15161466885604818,0.8118811881188119,0.19047619047619047,0.3069306930693069
111,0.031198686371100168,0.33663366336633666,0.26327312534209085,0.039603960396039604
112,0.07115489874110564,0.3069306930693069,0.26491516146688554,0.12871287128712872
113,-0.06951286261631089,0.6732673267326733,0.18719211822660098,0.2376237623762376
114,-0.0717022441160372,0.6633663366336634,0.3185550082101806,0.13861386138613863
115,-0.12753147235905857,0.7425742574257426,0.02463054187192118,0.44554455445544555
116,-0.1893814997263273,0.7623762376237624,0.13081554460864805,0.32673267326732675
117,-0.09578544061302681,0.7227722772277227,0.29939792008757526,0.10891089108910891
118,0.1330049261083744,0.16831683168316833,0.2829775588396278,0.19801980198019803
119,0.06458675424192666,0.33663366336633666,0.21018062397372742,0.18811881188118812
120,-0.03557744937055282,0.5148514851485149,0.19157088122605362,0.2871287128712871
121,0.11932129173508485,0.26732673267326734,0.4395183360700602,0.009900990099009901
122,-0.23645320197044337,0.8910891089108911,-0.027914614121510674,0.5346534653465347
123,-0.11384783798576902,0.7623762376237624,0.1417624521072797,0.2376237623762376
124,0.06130268199233716,0.26732673267326734,0.30322933771209637,0.0594059405940594
125,-0.054187192118226604,0.6237623762376238,0.17515051997810618,0.25742574257425743
126,0.00875752599890531,0.37623762376237624,0.3295019157088122,0.09900990099009901
127,-0.09688013136288998,0.6732673267326733,0.22714833059660647,0.26732673267326734
128,-0.06075533661740558,0.5841584158415841,0.2983032293377121,0.15841584158415842
129,0.02736726874657909,0.40594059405940597,0.21620142309797483,0.09900990099009901
130,0.0782703886152162,0.3465346534653465,0.35851122058018614,0.10891089108910891
131,-0.04926108374384236,0.5346534653465347,0.2282430213464696,0.19801980198019803
132,-0.0071154898741105635,0.5346534653465347,0.010946907498631636,0.45544554455445546
133,0.007662835249042145,0.42574257425742573,0.1357416529830323,0.24752475247524752
134,-0.025177887246852767,0.504950495049505,0.3541324575807335,0.0891089108910891
135,-0.20853858784893267,0.8811881188118812,-0.03284072249589491,0.5346534653465347
136,0.08210180623973727,0.33663366336633666,0.24192665571975916,0.19801980198019803
137,0.07060755336617405,0.37623762376237624,0.26874657909140665,0.1485148514851485
138,-0.19594964422550626,0.8415841584158416,0.18007662835249041,0.25742574257425743
139,-0.05363984674329502,0.693069306930693,0.12862616310892172,0.2871287128712871
140,0.00875752599890531,0.40594059405940597,0.22879036672140118,0.1782178217821782
141,-0.01477832512315271,0.6039603960396039,0.30103995621237,0.13861386138613863
142,-0.0038314176245210726,0.6435643564356436,0.35030103995621237,0.10891089108910891
143,-0.03940886699507389,0.504950495049505,0.27805145046524354,0.0891089108910891
144,-0.10290093048713739,0.6633663366336634,0.15873015873015872,0.2376237623762376
145,0.0722495894909688,0.36633663366336633,0.2621784345922277,0.16831683168316833
146,-0.08757525998905309,0.7029702970297029,0.2731253420908593,0.07920792079207921
147,-0.11384783798576902,0.693069306930693,0.056376573617952924,0.3564356435643564
148,-0.16639299397920088,0.8514851485148515,0.11713191023535852,0.297029702970297
149,-0.1685823754789272,0.7920792079207921,0.24192665571975916,0.1782178217821782
150,0.05856595511767926,0.3564356435643564,0.348111658456486,0.0594059405940594
151,0.013136288998357963,0.4158415841584158,0.25889436234263824,0.13861386138613863
152,0.04542966611932129,0.504950495049505,0.29885057471264365,0.1188118811881188
153,0.09250136836343732,0.3564356435643564,0.28078817733990147,0.13861386138613863
154,-0.014230979748221127,0.46534653465346537,0.20963327859879585,0.19801980198019803
155,-0.00930487137383689,0.5247524752475248,0.2320744389709907,0.1782178217821782
156,-0.09469074986316366,0.6534653465346535,0.26327312534209085,0.1782178217821782
157,-0.0755336617405583,0.6138613861386139,0.2227695675971538,0.15841584158415842
158,0.07772304324028462,0.31683168316831684,0.33278598795840175,0.07920792079207921
159,-0.020251778872468526,0.5742574257425742,0.2857142857142857,0.1485148514851485
160,-0.010399562123700055,0.5346534653465347,0.061850027367268745,0.32673267326732675
161,-0.02353585112205802,0.5742574257425742,0.3147235905856595,0.13861386138613863
162,-0.24958949096880134,0.8514851485148515,0.1319102353585112,0.31683168316831684
163,0.12807881773399013,0.25742574257425743,0.2764094143404488,0.0891089108910891
164,0.1893814997263273,0.1188118811881188,0.18062397372742198,0.3069306930693069
165,0.08538587848932677,0.38613861386138615,0.3574165298303229,0.039603960396039604
166,-0.0016420361247947454,0.5247524752475248,0.3229337712096333,0.1188118811881188
167,0.0963327859879584,0.31683168316831684,0.45429666119321294,0.0297029702970297
168,-0.13081554460864805,0.6138613861386139,0.11603721948549535,0.27722772277227725
169,0.01477832512315271,0.45544554455445546,0.34646962233169126,0.1188118811881188
170,-0.2386425834701697,0.9207920792079208,-0.026272577996715927,0.594059405940594
171,-0.12424740010946908,0.7722772277227723,0.10016420361247948,0.36633663366336633
172,-0.0361247947454844,0.504950495049505,0.16420361247947454,0.21782178217821782
173,0.08210180623973727,0.31683168316831684,0.28735632183908044,0.1188118811881188
174,-0.022988505747126436,0.46534653465346537,0.2961138478379857,0.26732673267326734
175,-0.03229337712096333,0.5346534653465347,0.31800766283524906,0.16831683168316833
176,-0.16146688560481665,0.7821782178217822,0.19649698960043788,0.25742574257425743
177,-0.09688013136288998,0.6435643564356436,0.31143951833607003,0.07920792079207921
178,-0.06458675424192666,0.5643564356435643,0.29994526546250677,0.12871287128712872
179,-0.11056376573617953,0.6534653465346535,0.16310892172961136,0.24752475247524752
180,-0.010399562123700055,0.4752475247524752,0.28407224958949095,0.19801980198019803
181,0.04597701149425287,0.39603960396039606,0.36453201970443344,0.0297029702970297
182,0.011494252873563218,0.44554455445544555,0.30596606458675424,0.12871287128712872
183,0.08374384236453201,0.21782178217821782,0.2386425834701697,0.19801980198019803
184,-0.12370005473453749,0.7722772277227723,-0.04980842911877395,0.6435643564356436
185,-0.2370005473453749,0.8712871287128713,0.1713191023535851,0.21782178217821782
186,-0.051450465243568694,0.5742574257425742,0.3169129720853858,0.12871287128712872
187,0.027914614121510674,0.48514851485148514,0.40284619594964427,0.039603960396039604
188,0.08812260536398467,0.3069306930693069,0.47016967706622875,0.039603960396039604
189,0.00930487137383689,0.43564356435643564,0.15435139573070608,0.21782178217821782
190,-0.09031198686371099,0.6732673267326733,0.2917350848385331,0.1485148514851485
191,-0.14395183360700603,0.693069306930693,0.22495894909688013,0.19801980198019803
192,0.025177887246852767,0.3465346534653465,0.34865900383141757,0.0891089108910891
193,-0.0010946907498631637,0.4752475247524752,0.2638204707170224,0.04950495049504951
194,0.10125889436234263,0.297029702970297,0.3962780514504652,0.06930693069306931
195,-0.06732348111658455,0.6435643564356436,0.31800766283524906,0.06930693069306931
196,-0.06075533661740558,0.594059405940594,0.11603721948549535,0.3069306930693069
197,-0.1319102353585112,0.7326732673267327,0.11877394636015325,0.3564356435643564
198,0.0010946907498631637,0.49504950495049505,0.29009304871373837,0.0891089108910891
199,0.13136288998357964,0.25742574257425743,0.3984674329501916,0.039603960396039604
200,0.06622879036672139,0.3465346534653465,0.23152709359605914,0.15841584158415842
201,-0.08155446086480568,0.6039603960396039,0.18226600985221672,0.18811881188118812
202,-0.08976464148877941,0.7128712871287128,0.10563765736179528,0.38613861386138615
203,-0.021346469622331693,0.48514851485148514,0.150519978106185,0.24752475247524752
204,-0.03393541324575808,0.5742574257425742,0.35358511220580185,0.2079207920792079
205,0.05582922824302135,0.33663366336633666,0.27586206896551724,0.15841584158415842
206,0.031746031746031744,0.4752475247524752,0.20087575259989054,0.16831683168316833
207,-0.0996168582375479,0.6534653465346535,0.20580186097427478,0.21782178217821782
208,-0.10563765736179528,0.7425742574257426,0.16420361247947454,0.2871287128712871
209,0.1330049261083744,0.25742574257425743,0.30268199233716475,0.13861386138613863
210,-0.031198686371100168,0.6237623762376238,0.11603721948549535,0.31683168316831684
211,-0.019704433497536946,0.5445544554455446,0.32074438970990693,0.09900990099009901
212,-0.02079912424740011,0.48514851485148514,0.06787082649151616,0.36633663366336633
213,-0.18117131910235357,0.8118811881188119,0.11384783798576902,0.3465346534653465
214,-0.06841817186644773,0.5742574257425742,0.25944170771756975,0.15841584158415842
215,0.09359605911330049,0.2871287128712871,0.0717022441160372,0.27722772277227725
216,0.04707170224411604,0.37623762376237624,0.33278598795840175,0.0891089108910891
217,0.0421455938697318,0.4158415841584158,0.20963327859879585,0.24752475247524752
218,-0.10399562123700054,0.7326732673267327,0.23918992884510124,0.1782178217821782
219,-0.039956212370005476,0.46534653465346537,0.2222222222222222,0.22772277227722773
220,-0.0361247947454844,0.49504950495049505,0.21237000547345375,0.1485148514851485
221,-0.0717022441160372,0.6633663366336634,0.21182266009852216,0.18811881188118812
222,0.02463054187192118,0.39603960396039606,0.35905856595511765,0.07920792079207921
223,0.01532567049808429,0.45544554455445546,0.20634920634920634,0.26732673267326734
224,-0.06732348111658455,0.594059405940594,0.30979748221127534,0.16831683168316833
225,-0.06841817186644773,0.6138613861386139,0.1691297208538588,0.2376237623762376
226,0.010399562123700055,0.44554455445544555,0.14778325123152708,0.27722772277227725
227,-0.026272577996715927,0.5742574257425742,0.2140120415982485,0.2376237623762376
228,0.013136288998357963,0.504950495049505,0.21182266009852216,0.15841584158415842
229,-0.0010946907498631637,0.49504950495049505,0.3448275862068966,0.0891089108910891
230,0.07389162561576354,0.26732673267326734,0.2430213464696223,0.24752475247524752
231,-0.1598248494800219,0.7722772277227723,0.05747126436781609,0.38613861386138615
232,-0.10892172961138478,0.6534653465346535,0.15599343185550082,0.24752475247524752
233,0.0010946907498631637,0.504950495049505,0.20634920634920634,0.22772277227722773
234,0.02681992337164751,0.40594059405940597,0.33169129720853857,0.1188118811881188
235,0.10454296661193212,0.26732673267326734,0.34865900383141757,0.09900990099009901
236,0.042692939244663386,0.42574257425742573,0.23316912972085385,0.22772277227722773
237,0.07881773399014778,0.32673267326732675,0.2889983579638752,0.07920792079207921
238,0.12972085385878487,0.19801980198019803,0.31362889983579634,0.0891089108910891
239,-0.05747126436781609,0.5742574257425742,0.21893814997263272,0.22772277227722773
240,0.013136288998357963,0.49504950495049505,0.3399014778325123,0.039603960396039604
241,-0.03886152162014231,0.5247524752475248,0.2545155993431856,0.16831683168316833
242,0.0060207991242474,0.43564356435643564,0.2862616310892173,0.13861386138613863
243,-0.07717569786535304,0.6138613861386139,0.1472359058565955,0.26732673267326734
244,0.008210180623973728,0.46534653465346537,0.2616310892172961,0.09900990099009901
245,0.03776683087027915,0.36633663366336633,0.24849480021893816,0.19801980198019803
246,0.16584564860426929,0.15841584158415842,0.31253420908593316,0.12871287128712872
247,0.014230979748221127,0.39603960396039606,0.21182266009852216,0.1782178217821782
248,0.18117131910235357,0.15841584158415842,0.5172413793103449,0.009900990099009901
249,0.0629447181171319,0.3465346534653465,0.4373289545703339,0.019801980198019802
250,-0.07443897099069512,0.6633663366336634,0.09742747673782157,0.39603960396039606
251,-0.0842911877394636,0.6237623762376238,0.14778325123152708,0.25742574257425743
252,-0.0016420361247947454,0.4158415841584158,0.1330049261083744,0.27722772277227725
253,-0.034482758620689655,0.49504950495049505,0.16803503010399565,0.22772277227722773
254,0.010399562123700055,0.42574257425742573,0.3552271483305966,0.0594059405940594
255,0.047619047619047616,0.37623762376237624,0.4126984126984127,0.039603960396039604
256,0.08976464148877941,0.297029702970297,0.41817186644772847,0.04950495049504951
257,-0.08812260536398467,0.6534653465346535,0.294471811713191,0.12871287128712872
258,-0.05473453749315818,0.6336633663366337,0.28407224958949095,0.21782178217821782
259,-0.13409961685823754,0.7524752475247525,0.2348111658456486,0.1485148514851485
260,-0.09852216748768472,0.7029702970297029,0.2222222222222222,0.25742574257425743
261,0.10782703886152162,0.21782178217821782,0.3344280240831965,0.10891089108910891
262,0.015873015873015872,0.45544554455445546,0.18171866447728516,0.26732673267326734
263,0.03338806787082649,0.4752475247524752,0.2627257799671593,0.13861386138613863
264,-0.0049261083743842365,0.4752475247524752,0.31636562671045426,0.13861386138613863
265,-0.12643678160919541,0.693069306930693,0.2753147235905857,0.1782178217821782
266,0.10290093048713739,0.31683168316831684,0.378215654077723,0.0594059405940594
267,0.09140667761357417,0.33663366336633666,0.3147235905856595,0.06930693069306931
268,0.06951286261631089,0.32673267326732675,0.29775588396278047,0.12871287128712872
269,-0.019704433497536946,0.5247524752475248,0.07608100711548987,0.36633663366336633
270,0.0120415982484948,0.37623762376237624,0.3130815544608648,0.0891089108910891
271,0.03776683087027915,0.4158415841584158,0.26655719759168034,0.10891089108910891
272,0.09031198686371099,0.37623762376237624,0.37547892720306514,0.019801980198019802
273,-0.03886152162014231,0.594059405940594,0.21620142309797483,0.13861386138613863
274,-0.04707170224411604,0.5742574257425742,0.18555008210180626,0.18811881188118812
275,-0.12698412698412698,0.6831683168316832,0.2753147235905857,0.12871287128712872
276,0.03831417624521073,0.38613861386138615,0.16584564860426929,0.2079207920792079
277,-0.054187192118226604,0.5346534653465347,0.17022441160372195,0.27722772277227725
278,0.062397372742200335,0.3564356435643564,0.307608100711549,0.039603960396039604
279,0.04050355774493705,0.37623762376237624,0.10125889436234263,0.27722772277227725
280,0.0842911877394636,0.31683168316831684,0.2791461412151068,0.10891089108910891
281,0.06732348111658455,0.33663366336633666,0.03229337712096333,0.4752475247524752
282,-0.11767925561029009,0.7722772277227723,0.19211822660098524,0.1485148514851485
283,-0.05090311986863711,0.7128712871287128,0.1992337164750958,0.2376237623762376
284,-0.13738368910782706,0.7722772277227723,0.2386425834701697,0.1188118811881188
285,0.17515051997810618,0.16831683168316833,0.3711001642036125,0.039603960396039604
286,-0.12370005473453749,0.7029702970297029,0.21893814997263272,0.2079207920792079
287,0.0361247947454844,0.40594059405940597,0.28407224958949095,0.10891089108910891
288,-0.02353585112205802,0.5148514851485149,0.24849480021893816,0.1188118811881188
289,-0.09469074986316366,0.6633663366336634,0.15599343185550082,0.31683168316831684
290,0.04926108374384236,0.36633663366336633,0.2911877394636015,0.07920792079207921
291,-0.20525451559934318,0.7821782178217822,-0.019157088122605366,0.4752475247524752
292,-0.09742747673782157,0.7029702970297029,0.1592775041050903,0.2871287128712871
293,-0.03886152162014231,0.5544554455445545,0.24794745484400657,0.19801980198019803
294,0.1384783798576902,0.21782178217821782,0.3037766830870279,0.0594059405940594
295,-0.06787082649151616,0.5742574257425742,0.23043240284619596,0.19801980198019803
296,-0.06787082649151616,0.6138613861386139,0.03940886699507389,0.43564356435643564
297,0.11439518336070059,0.27722772277227725,0.3568691844553913,0.0594059405940594
298,0.17022441160372195,0.16831683168316833,0.21346469622331687,0.1782178217821782
299,0.11056376573617953,0.24752475247524752,0.3273125342090859,0.10891089108910891
300,-0.09359605911330049,0.6831683168316832,0.2824302134646962,0.15841584158415842
301,0.022441160372194853,0.4752475247524752,0.27203065134099613,0.09900990099009901
302,-0.016420361247947456,0.504950495049505,0.20415982484948003,0.15841584158415842
303,0.14668856048166393,0.2079207920792079,0.3169129720853858,0.12871287128712872
304,-0.02079912424740011,0.5841584158415841,0.19978106185002736,0.16831683168316833
305,0.1346469622331691,0.21782178217821782,0.30322933771209637,0.12871287128712872
306,0.043787629994526546,0.3564356435643564,0.24137931034482757,0.1485148514851485
307,-0.06622879036672139,0.6237623762376238,0.3196496989600438,0.12871287128712872
308,0.041050903119868636,0.36633663366336633,0.29556650246305416,0.10891089108910891
309,-0.026272577996715927,0.594059405940594,0.2791461412151068,0.15841584158415842
310,0.02681992337164751,0.4158415841584158,0.36507936507936506,0.1188118811881188
311,-0.15161466885604818,0.7920792079207921,0.12424740010946908,0.297029702970297
312,0.009852216748768473,0.44554455445544555,0.12698412698412698,0.297029702970297
313,-0.09852216748768472,0.6534653465346535,0.35905856595511765,0.04950495049504951
314,-0.2430213464696223,0.900990099009901,-0.05911330049261084,0.6138613861386139
315,0.09304871373836891,0.32673267326732675,0.21674876847290642,0.22772277227722773
316,0.007662835249042145,0.42574257425742573,0.40284619594964427,0.04950495049504951
317,0.06622879036672139,0.26732673267326734,0.2638204707170224,0.1188118811881188
318,0.0421455938697318,0.45544554455445546,0.24192665571975916,0.2079207920792079
319,-0.1023535851122058,0.6534653465346535,0.1926655719759168,0.16831683168316833
320,0.14559386973180075,0.24752475247524752,0.34537493158182814,0.04950495049504951
321,-0.14614121510673234,0.7524752475247525,0.23535851122058019,0.2079207920792079
322,-0.058018609742747675,0.6435643564356436,0.25287356321839083,0.1782178217821782
323,0.09250136836343732,0.33663366336633666,0.36179529282977557,0.039603960396039604
324,-0.0005473453749315818,0.5544554455445545,0.3278598795840175,0.07920792079207921
325,-0.0005473453749315818,0.48514851485148514,0.22112753147235906,0.10891089108910891
326,-0.0755336617405583,0.594059405940594,0.10125889436234263,0.32673267326732675
327,-0.09085933223864258,0.7326732673267327,0.04597701149425287,0.42574257425742573
328,-0.11932129173508485,0.7326732673267327,0.14942528735632182,0.24752475247524752
329,-0.10180623973727422,0.7029702970297029,0.2140120415982485,0.1782178217821782
330,0.039956212370005476,0.4158415841584158,0.29666119321291734,0.0891089108910891
331,0.0038314176245210726,0.4752475247524752,0.14778325123152708,0.22772277227722773
332,0.09523809523809523,0.33663366336633666,0.21346469622331687,0.1485148514851485
333,0.0071154898741105635,0.5247524752475248,0.27367268746579093,0.10891089108910891
334,-0.08866995073891626,0.6336633663366337,0.21839080459770116,0.1782178217821782
335,0.0038314176245210726,0.42574257425742573,0.29939792008757526,0.13861386138613863
336,-0.157088122605364,0.8712871287128713,0.11658456486042693,0.3564356435643564
337,-0.17350848385331144,0.8415841584158416,0.09523809523809523,0.4158415841584158
338,0.10399562123700054,0.27722772277227725,0.3760262725779967,0.039603960396039604
339,-0.0071154898741105635,0.39603960396039606,0.20032840722495895,0.12871287128712872
340,0.039956212370005476,0.37623762376237624,0.3169129720853858,0.0891089108910891
341,0.07389162561576354,0.31683168316831684,0.18500273672687464,0.19801980198019803
342,0.061850027367268745,0.37623762376237624,0.3289545703338807,0.06930693069306931
343,0.05582922824302135,0.31683168316831684,0.2742200328407225,0.1188118811881188
344,-0.019704433497536946,0.5247524752475248,0.37328954570333883,0.06930693069306931
345,0.028461959496442254,0.48514851485148514,0.2545155993431856,0.12871287128712872
346,-0.002736726874657909,0.42574257425742573,0.15873015873015872,0.2871287128712871
347,0.02353585112205802,0.37623762376237624,0.3393541324575807,0.10891089108910891
348,-0.07662835249042146,0.6831683168316832,0.12041598248494799,0.3465346534653465
349,-0.1111111111111111,0.7425742574257426,0.2961138478379857,0.12871287128712872
350,0.055281882868089764,0.4158415841584158,0.07006020799124248,0.46534653465346537
351,0.08483853311439518,0.33663366336633666,0.2545155993431856,0.1188118811881188
352,0.03940886699507389,0.48514851485148514,0.12807881773399013,0.3069306930693069
353,0.054187192118226604,0.31683168316831684,0.18719211822660098,0.2376237623762376
354,0.03886152162014231,0.36633663366336633,0.30596606458675424,0.13861386138613863
355,0.0996168582375479,0.3465346534653465,0.33497536945812806,0.04950495049504951
356,-0.060207991242473995,0.5247524752475248,0.18773946360153257,0.16831683168316833
357,-0.174055829228243,0.7029702970297029,0.0722495894909688,0.39603960396039606
358,-0.21018062397372742,0.8415841584158416,0.12260536398467432,0.31683168316831684
359,0.10290093048713739,0.27722772277227725,0.2616310892172961,0.10891089108910891
360,-0.08374384236453201,0.6237623762376238,0.2846195949644226,0.09900990099009901
361,-0.021893814997263273,0.5247524752475248,0.31746031746031744,0.15841584158415842
362,-0.06458675424192666,0.6435643564356436,0.3333333333333333,0.09900990099009901
363,-0.1346469622331691,0.7425742574257426,0.0361247947454844,0.45544554455445546
364,0.008210180623973728,0.45544554455445546,0.2769567597153804,0.0594059405940594
365,-0.006568144499178982,0.4158415841584158,0.32567049808429116,0.06930693069306931
366,0.08757525998905309,0.3069306930693069,0.3563218390804598,0.06930693069306931
367,-0.03338806787082649,0.6633663366336634,0.32457580733442803,0.07920792079207921
368,-0.041050903119868636,0.48514851485148514,0.34099616858237547,0.09900990099009901
369,-0.1986863711001642,0.8316831683168316,0.18883415435139572,0.18811881188118812
370,0.01477832512315271,0.4752475247524752,0.17952928297755882,0.3069306930693069
371,-0.01860974274767378,0.5445544554455446,0.3223864258347017,0.019801980198019802
372,-0.07334428024083196,0.6039603960396039,0.34920634920634924,0.09900990099009901
373,0.0996168582375479,0.32673267326732675,0.3420908593322386,0.0891089108910891
374,0.043787629994526546,0.3564356435643564,0.31253420908593316,0.09900990099009901
375,0.08374384236453201,0.3564356435643564,0.35577449370552816,0.04950495049504951
376,-0.03393541324575808,0.44554455445544555,0.2375478927203065,0.1485148514851485
377,-0.07060755336617405,0.6336633663366337,0.29666119321291734,0.12871287128712872
378,-0.054187192118226604,0.6534653465346535,0.1510673234811166,0.24752475247524752
379,-0.04433497536945813,0.594059405940594,0.24904214559386975,0.2079207920792079
380,-0.21729611384783798,0.8415841584158416,0.12370005473453749,0.3069306930693069
381,-0.08045977011494251,0.6633663366336634,0.16967706622879036,0.2079207920792079
382,-0.09797482211275313,0.7227722772277227,0.19594964422550626,0.18811881188118812
383,-0.16365626710454295,0.7524752475247525,0.05363984674329502,0.39603960396039606
384,0.15873015873015872,0.21782178217821782,0.3513957307060755,0.04950495049504951
385,0.022988505747126436,0.5643564356435643,0.2857142857142857,0.0891089108910891
386,-0.11713191023535852,0.7623762376237624,0.2884510125889437,0.21782178217821782
387,-0.10016420361247948,0.7227722772277227,0.1652983032293377,0.19801980198019803
388,0.10837438423645321,0.2871287128712871,0.30979748221127534,0.09900990099009901
389,-0.08319649698960044,0.5742574257425742,0.2785987958401751,0.1782178217821782
390,0.03667214012041598,0.49504950495049505,0.25506294471811713,0.1188118811881188
391,-0.002736726874657909,0.5742574257425742,0.33497536945812806,0.1485148514851485
392,0.10563765736179528,0.40594059405940597,0.378215654077723,0.039603960396039604
393,-0.011494252873563218,0.5544554455445545,0.20963327859879585,0.19801980198019803
394,-0.03338806787082649,0.5346534653465347,0.11384783798576902,0.26732673267326734
395,0.11001642036124794,0.3069306930693069,0.23097974822112752,0.1485148514851485
396,-0.03503010399562124,0.49504950495049505,0.20744389709906952,0.19801980198019803
397,-0.08866995073891626,0.6534653465346535,0.24083196496989598,0.13861386138613863
398,0.044882320744389706,0.45544554455445546,0.4532019704433497,0.009900990099009901
399,0.04597701149425287,0.40594059405940597,0.18445539135194308,0.26732673267326734
400,0.01751505199781062,0.45544554455445546,0.3820470717022441,0.07920792079207921
401,0.1357416529830323,0.297029702970297,0.2380952380952381,0.12871287128712872
402,0.07498631636562669,0.25742574257425743,0.16091954022988503,0.33663366336633666
403,0.00875752599890531,0.44554455445544555,0.1510673234811166,0.2079207920792079
404,-0.022441160372194853,0.5247524752475248,0.22988505747126436,0.2079207920792079
405,-0.056376573617952924,0.6336633663366337,0.2747673782156541,0.1485148514851485
406,-0.14285714285714285,0.7425742574257426,0.21729611384783798,0.18811881188118812
407,-0.058018609742747675,0.6237623762376238,0.3278598795840175,0.09900990099009901
408,-0.0010946907498631637,0.5841584158415841,0.12041598248494799,0.3069306930693069
409,-0.16748768472906403,0.8118811881188119,0.20963327859879585,0.19801980198019803
410,-0.09304871373836891,0.594059405940594,0.18719211822660098,0.1782178217821782
411,-0.11548987411056376,0.6732673267326733,0.21839080459770116,0.1782178217821782
412,-0.08976464148877941,0.6633663366336634,0.09797482211275313,0.32673267326732675
413,0.019157088122605366,0.5742574257425742,0.19704433497536944,0.2079207920792079
414,0.10071154898741107,0.2871287128712871,0.11603721948549535,0.32673267326732675
415,-0.08483853311439518,0.6237623762376238,0.08374384236453201,0.36633663366336633
416,0.07717569786535304,0.3564356435643564,0.3382594417077176,0.04950495049504951
417,0.02955665024630542,0.48514851485148514,0.41598248494800216,0.039603960396039604
418,0.03393541324575808,0.40594059405940597,0.25779967159277506,0.09900990099009901
419,-0.009852216748768473,0.4752475247524752,0.25998905309250137,0.16831683168316833
420,0.07060755336617405,0.31683168316831684,0.21346469622331687,0.15841584158415842
421,-0.16037219485495346,0.7425742574257426,0.16584564860426929,0.27722772277227725
422,-0.13628899835796388,0.7623762376237624,0.19102353585112206,0.22772277227722773
423,-0.15873015873015872,0.8613861386138614,0.052545155993431854,0.3564356435643564
424,0.13355227148330595,0.21782178217821782,0.1384783798576902,0.24752475247524752
425,0.07881773399014778,0.3069306930693069,0.3278598795840175,0.1188118811881188
426,-0.19759168035030103,0.7920792079207921,0.034482758620689655,0.504950495049505
427,0.10618500273672687,0.19801980198019803,0.21893814997263272,0.22772277227722773
428,-0.05199781061850027,0.5148514851485149,0.11001642036124794,0.32673267326732675
429,-0.0120415982484948,0.42574257425742573,0.1319102353585112,0.2871287128712871
430,0.09523809523809523,0.3465346534653465,0.24794745484400657,0.22772277227722773
431,0.028461959496442254,0.4752475247524752,0.17077175697865354,0.24752475247524752
432,0.0021893814997263274,0.5841584158415841,0.3103448275862069,0.10891089108910891
433,-0.054187192118226604,0.5643564356435643,0.22495894909688013,0.21782178217821782
434,0.020251778872468526,0.46534653465346537,0.2818828680897646,0.1485148514851485
435,-0.20032840722495895,0.8811881188118812,0.24356869184455393,0.13861386138613863
436,-0.01532567049808429,0.49504950495049505,0.20142309797482214,0.18811881188118812
437,0.08319649698960044,0.27722772277227725,0.3103448275862069,0.07920792079207921
438,0.05747126436781609,0.38613861386138615,0.27367268746579093,0.0891089108910891
439,0.03338806787082649,0.3465346534653465,0.22714833059660647,0.1485148514851485
440,0.08648056923918993,0.31683168316831684,0.30158730158730157,0.09900990099009901
441,0.058018609742747675,0.32673267326732675,0.36836343732895455,0.06930693069306931
442,0.02079912424740011,0.4752475247524752,0.23590585659551178,0.2376237623762376
443,0.01860974274767378,0.42574257425742573,0.2857142857142857,0.06930693069306931
444,0.015873015873015872,0.42574257425742573,0.30651340996168586,0.07920792079207921
445,0.0421455938697318,0.42574257425742573,0.24083196496989598,0.07920792079207921
446,0.11220580186097427,0.27722772277227725,0.25889436234263824,0.09900990099009901
447,0.0722495894909688,0.37623762376237624,0.21620142309797483,0.13861386138613863
448,-0.03721948549534756,0.5643564356435643,0.3130815544608648,0.10891089108910891
449,0.10782703886152162,0.25742574257425743,0.39792008757526,0.039603960396039604
450,0.0021893814997263274,0.5247524752475248,0.14614121510673234,0.25742574257425743
451,-0.15873015873015872,0.7623762376237624,0.12151067323481116,0.26732673267326734
452,-0.08648056923918993,0.6336633663366337,0.2851669403393541,0.0891089108910891
453,0.11713191023535852,0.26732673267326734,0.3393541324575807,0.06930693069306931
454,-0.05363984674329502,0.6039603960396039,0.16803503010399565,0.2079207920792079
455,-0.05856595511767926,0.6039603960396039,0.20634920634920634,0.16831683168316833
456,0.00930487137383689,0.5841584158415841,0.24740010946907498,0.10891089108910891
457,0.07279693486590037,0.43564356435643564,0.37931034482758613,0.10891089108910891
458,-0.12479474548440067,0.693069306930693,0.13628899835796388,0.3069306930693069
459,-0.1357416529830323,0.7425742574257426,0.17296113847837985,0.24752475247524752
460,0.03886152162014231,0.3564356435643564,0.17733990147783252,0.21782178217821782
461,-0.1111111111111111,0.7326732673267327,0.1691297208538588,0.24752475247524752
462,-0.03229337712096333,0.5148514851485149,0.24575807334428024,0.15841584158415842
463,-0.09359605911330049,0.6732673267326733,0.1291735084838533,0.21782178217821782
464,-0.1319102353585112,0.6831683168316832,0.25123152709359603,0.12871287128712872
465,-0.012588943623426383,0.46534653465346537,0.2785987958401751,0.13861386138613863
466,-0.15544608648056923,0.7326732673267327,0.01477832512315271,0.43564356435643564
467,-0.02463054187192118,0.5742574257425742,0.36507936507936506,0.09900990099009901
468,-0.13026819923371646,0.7425742574257426,0.1538040503557745,0.21782178217821782
469,-0.041050903119868636,0.5742574257425742,0.40448823207443896,0.07920792079207921
470,0.0120415982484948,0.42574257425742573,0.00930487137383689,0.44554455445544555
471,-0.0481663929939792,0.5643564356435643,0.1023535851122058,0.33663366336633666
472,0.002736726874657909,0.40594059405940597,0.031746031746031744,0.36633663366336633
473,0.019704433497536946,0.45544554455445546,0.2375478927203065,0.19801980198019803
474,-0.07881773399014778,0.5841584158415841,0.20799124247400108,0.12871287128712872
475,0.1291735084838533,0.21782178217821782,0.41160372194854955,0.009900990099009901
476,-0.11822660098522168,0.7425742574257426,0.1116584564860427,0.33663366336633666
477,-0.09578544061302681,0.6336633663366337,0.24740010946907498,0.2871287128712871
478,0.1319102353585112,0.21782178217821782,0.3426382047071702,0.0297029702970297
479,-0.022988505747126436,0.5445544554455446,0.2671045429666119,0.1782178217821782
480,0.012588943623426383,0.43564356435643564,0.25670498084291193,0.12871287128712872
481,0.07115489874110564,0.40594059405940597,0.19321291735084836,0.21782178217821782
482,0.052545155993431854,0.32673267326732675,0.3262178434592227,0.15841584158415842
483,-0.021346469622331693,0.5643564356435643,0.16639299397920088,0.22772277227722773
484,0.047619047619047616,0.3564356435643564,0.19594964422550626,0.1782178217821782
485,-0.05856595511767926,0.6237623762376238,-0.02955665024630542,0.49504950495049505
486,-0.010946907498631636,0.5247524752475248,0.14668856048166393,0.25742574257425743
487,-0.059660645867542425,0.6237623762376238,0.20689655172413793,0.1782178217821782
488,-0.02681992337164751,0.43564356435643564,0.32019704433497537,0.10891089108910891
489,-0.03667214012041598,0.5445544554455446,0.2922824302134647,0.21782178217821782
490,-0.09304871373836891,0.7623762376237624,0.16091954022988503,0.2079207920792079
491,-0.14942528735632182,0.8118811881188119,0.20306513409961688,0.2079207920792079
492,-0.05090311986863711,0.5346534653465347,0.21072796934865898,0.10891089108910891
493,0.07060755336617405,0.36633663366336633,0.0963327859879584,0.4158415841584158
494,0.08648056923918993,0.32673267326732675,0.27038861521620144,0.1188118811881188
495,-0.11603721948549535,0.7029702970297029,0.11275314723590585,0.27722772277227725
496,-0.157088122605364,0.7821782178217822,0.18007662835249041,0.24752475247524752
497,0.09140667761357417,0.3465346534653465,0.17952928297755882,0.22772277227722773
498,-0.1839080459770115,0.7920792079207921,-0.031746031746031744,0.6138613861386139
499,0.0963327859879584,0.3069306930693069,0.36179529282977557,0.04950495049504951
500,-0.03065134099616858,0.5346534653465347,0.17022441160372195,0.22772277227722773
501,-0.09797482211275313,0.6039603960396039,0.22441160372194854,0.2079207920792079
502,-0.027914614121510674,0.5445544554455446,0.12479474548440067,0.24752475247524752
503,-0.0240831964969896,0.5841584158415841,0.3284072249589491,0.0891089108910891
504,0.0240831964969896,0.44554455445544555,0.35577449370552816,0.0594059405940594
505,-0.01751505199781062,0.48514851485148514,0.15270935960591134,0.2079207920792079
506,0.054187192118226604,0.36633663366336633,0.3251231527093596,0.06930693069306931
507,-0.06841817186644773,0.6732673267326733,0.19649698960043788,0.19801980198019803
508,-0.09523809523809523,0.594059405940594,0.34099616858237547,0.19801980198019803
509,-0.07772304324028462,0.6039603960396039,0.21127531472359057,0.24752475247524752
510,0.055281882868089764,0.43564356435643564,0.3273125342090859,0.1188118811881188
511,-0.07662835249042146,0.594059405940594,0.009852216748768473,0.38613861386138615
512,-0.12972085385878487,0.7920792079207921,0.15216201423097975,0.27722772277227725
513,0.01696770662287904,0.46534653465346537,0.29337712096332785,0.0594059405940594
514,-0.08374384236453201,0.6237623762376238,0.2523262178434592,0.09900990099009901
515,-0.025177887246852767,0.5643564356435643,0.21893814997263272,0.2079207920792079
516,-0.13026819923371646,0.6732673267326733,0.13738368910782706,0.19801980198019803
517,0.1685823754789272,0.2376237623762376,0.2517788724685276,0.15841584158415842
518,0.021893814997263273,0.40594059405940597,0.22879036672140118,0.12871287128712872
519,0.10180623973727422,0.3564356435643564,0.30925013683634367,0.10891089108910891
520,0.022988505747126436,0.504950495049505,0.36507936507936506,0.12871287128712872
521,0.062397372742200335,0.297029702970297,0.2380952380952381,0.13861386138613863
522,0.15599343185550082,0.22772277227722773,0.4466338259441708,0.009900990099009901
523,-0.0782703886152162,0.6831683168316832,0.29064039408866993,0.15841584158415842
524,0.01477832512315271,0.43564356435643564,0.2895457033388068,0.1188118811881188
525,-0.039956212370005476,0.6138613861386139,0.31362889983579634,0.09900990099009901
526,-0.14012041598248495,0.7821782178217822,0.1620142309797482,0.18811881188118812
527,0.07389162561576354,0.297029702970297,0.3382594417077176,0.10891089108910891
528,0.062397372742200335,0.297029702970297,0.307608100711549,0.09900990099009901
529,-0.13683634373289547,0.7425742574257426,0.2375478927203065,0.22772277227722773
530,-0.05856595511767926,0.5742574257425742,0.10344827586206896,0.27722772277227725
531,0.04980842911877395,0.38613861386138615,0.3825944170771757,0.06930693069306931
532,-0.11713191023535852,0.6633663366336634,0.2583470169677066,0.2079207920792079
533,0.0842911877394636,0.3564356435643564,0.2698412698412698,0.13861386138613863
534,0.09031198686371099,0.297029702970297,0.31198686371100165,0.0891089108910891
535,0.12260536398467432,0.2079207920792079,0.3158182813355227,0.04950495049504951
536,0.09852216748768472,0.22772277227722773,0.2928297755883963,0.0594059405940594
537,0.16584564860426929,0.19801980198019803,0.3437328954570334,0.06930693069306931
538,0.07389162561576354,0.38613861386138615,0.3004926108374384,0.0891089108910891
539,-0.05692391899288451,0.5148514851485149,0.21455938697318008,0.1782178217821782
540,0.07991242474001095,0.38613861386138615,0.3240284619594964,0.10891089108910891
541,0.09688013136288998,0.3465346534653465,0.18609742747673783,0.2079207920792079
542,-0.047619047619047616,0.5643564356435643,0.06896551724137931,0.33663366336633666
543,-0.06787082649151616,0.7029702970297029,0.13355227148330595,0.297029702970297
544,0.09523809523809523,0.2079207920792079,0.3273125342090859,0.07920792079207921
545,-0.05363984674329502,0.5445544554455446,0.04707170224411604,0.42574257425742573
546,0.014230979748221127,0.5247524752475248,0.17515051997810618,0.18811881188118812
547,0.07608100711548987,0.3069306930693069,0.2692939244663382,0.12871287128712872
548,0.13355227148330595,0.25742574257425743,0.28735632183908044,0.10891089108910891
549,0.042692939244663386,0.42574257425742573,0.2348111658456486,0.1188118811881188
550,-0.050355774493705534,0.5247524752475248,0.24356869184455393,0.07920792079207921
551,-0.1395730706075534,0.7227722772277227,0.23371647509578544,0.15841584158415842
552,-0.030103995621236997,0.5841584158415841,0.2370005473453749,0.15841584158415842
553,-0.0005473453749315818,0.49504950495049505,0.2545155993431856,0.1188118811881188
554,0.03503010399562124,0.46534653465346537,0.2928297755883963,0.13861386138613863
555,-0.03229337712096333,0.5841584158415841,0.18336070060207993,0.2079207920792079
556,-0.08319649698960044,0.7128712871287128,0.13628899835796388,0.27722772277227725
557,-0.12424740010946908,0.7227722772277227,0.30487137383689106,0.09900990099009901
558,0.1685823754789272,0.1485148514851485,0.31253420908593316,0.09900990099009901
559,-0.09578544061302681,0.6633663366336634,0.2222222222222222,0.18811881188118812
560,-0.0782703886152162,0.6138613861386139,0.0996168582375479,0.33663366336633666
561,0.0842911877394636,0.31683168316831684,0.22769567597153803,0.15841584158415842
562,-0.10563765736179528,0.6336633663366337,0.1899288451012589,0.2376237623762376
563,-0.09085933223864258,0.6435643564356436,0.21018062397372742,0.2079207920792079
564,-0.02955665024630542,0.49504950495049505,0.42692939244663375,0.06930693069306931
565,0.1954022988505747,0.1782178217821782,0.3196496989600438,0.039603960396039604
566,0.039956212370005476,0.38613861386138615,0.2621784345922277,0.13861386138613863
567,0.01477832512315271,0.4158415841584158,0.0722495894909688,0.37623762376237624
568,0.02353585112205802,0.42574257425742573,0.26053639846743293,0.0891089108910891
569,-0.019157088122605366,0.49504950495049505,0.15216201423097975,0.31683168316831684
570,0.02353585112205802,0.49504950495049505,0.32129173508483855,0.0891089108910891
571,0.09359605911330049,0.297029702970297,0.15489874110563767,0.27722772277227725
572,-0.16310892172961136,0.8316831683168316,0.1718664477285167,0.19801980198019803
573,0.012588943623426383,0.5346534653465347,0.3694581280788177,0.0594059405940594
574,-0.09688013136288998,0.7326732673267327,0.2742200328407225,0.1188118811881188
575,-0.031198686371100168,0.6336633663366337,0.04926108374384236,0.37623762376237624
576,-0.11986863711001641,0.7722772277227723,-0.028461959496442254,0.6138613861386139
577,-0.1023535851122058,0.7623762376237624,0.16967706622879036,0.21782178217821782
578,-0.08976464148877941,0.6732673267326733,0.1647509578544061,0.26732673267326734
579,0.01860974274767378,0.33663366336633666,0.38697318007662834,0.0297029702970297
580,0.0005473453749315818,0.5445544554455446,0.13081554460864805,0.297029702970297
581,-0.016420361247947456,0.48514851485148514,0.2681992337164751,0.16831683168316833
582,-0.03776683087027915,0.5247524752475248,0.29666119321291734,0.13861386138613863
583,0.002736726874657909,0.5247524752475248,0.42966611932129173,0.039603960396039604
584,0.05473453749315818,0.43564356435643564,0.27367268746579093,0.12871287128712872
585,0.0180623973727422,0.42574257425742573,0.08210180623973727,0.42574257425742573
586,0.015873015873015872,0.5148514851485149,0.25287356321839083,0.2079207920792079
587,-0.050355774493705534,0.6039603960396039,0.13081554460864805,0.36633663366336633
588,0.0060207991242474,0.48514851485148514,0.18828680897646416,0.19801980198019803
589,-0.0782703886152162,0.6237623762376238,0.06622879036672139,0.44554455445544555
590,-0.06403940886699507,0.5445544554455446,0.14395183360700603,0.21782178217821782
591,-0.13026819923371646,0.7227722772277227,0.07936507936507936,0.33663366336633666
592,-0.11220580186097427,0.8118811881188119,0.2714833059660646,0.07920792079207921
593,-0.06349206349206349,0.6435643564356436,0.34099616858237547,0.13861386138613863
594,-0.002736726874657909,0.49504950495049505,0.09304871373836891,0.4158415841584158
595,0.054187192118226604,0.44554455445544555,0.2769567597153804,0.19801980198019803
596,0.15763546798029557,0.19801980198019803,0.3223864258347017,0.0891089108910891
597,0.05090311986863711,0.31683168316831684,0.29885057471264365,0.09900990099009901
598,0.09140667761357417,0.2871287128712871,0.32676518883415434,0.0594059405940594
599,-0.08538587848932677,0.6831683168316832,0.17733990147783252,0.21782178217821782
600,-0.0180623973727422,0.48514851485148514,0.2375478927203065,0.21782178217821782
601,-0.031746031746031744,0.5148514851485149,0.0842911877394636,0.3069306930693069
602,0.03229337712096333,0.38613861386138615,0.08319649698960044,0.39603960396039606
603,0.07936507936507936,0.297029702970297,0.29556650246305416,0.13861386138613863
604,-0.04159824849480022,0.5445544554455446,0.3541324575807335,0.15841584158415842
605,-0.08483853311439518,0.6336633663366337,0.15599343185550082,0.25742574257425743
606,0.061850027367268745,0.32673267326732675,0.29994526546250677,0.06930693069306931
607,-0.09414340448823208,0.7227722772277227,0.19649698960043788,0.21782178217821782
608,-0.00930487137383689,0.5247524752475248,0.26436781609195403,0.2079207920792079
609,-0.02736726874657909,0.5247524752475248,0.3579638752052545,0.07920792079207921
610,-0.06568144499178982,0.594059405940594,0.11384783798576902,0.31683168316831684
611,-0.03338806787082649,0.5544554455445545,0.2380952380952381,0.16831683168316833
612,-0.046524356869184456,0.44554455445544555,0.31527093596059114,0.10891089108910891
613,0.1023535851122058,0.36633663366336633,0.21182266009852216,0.2871287128712871
614,-0.07389162561576354,0.6831683168316832,0.2911877394636015,0.13861386138613863
615,-0.08757525998905309,0.6732673267326733,0.2747673782156541,0.12871287128712872
616,-0.0010946907498631637,0.49504950495049505,0.2534209085933224,0.1485148514851485
617,0.08812260536398467,0.3564356435643564,0.36836343732895455,0.04950495049504951
618,0.012588943623426383,0.40594059405940597,0.31362889983579634,0.07920792079207921
619,-0.08812260536398467,0.6435643564356436,0.22660098522167485,0.22772277227722773
620,0.02681992337164751,0.40594059405940597,0.2829775588396278,0.1485148514851485
621,0.021346469622331693,0.31683168316831684,0.33388067870826493,0.0891089108910891
622,0.02079912424740011,0.3564356435643564,0.12807881773399013,0.297029702970297
623,0.03557744937055282,0.40594059405940597,0.25779967159277506,0.12871287128712872
624,0.05911330049261084,0.3465346534653465,0.3524904214559387,0.04950495049504951
625,-0.05199781061850027,0.6336633663366337,0.18007662835249041,0.18811881188118812
626,0.08648056923918993,0.3069306930693069,0.27257799671592775,0.12871287128712872
627,0.10344827586206896,0.27722772277227725,0.30322933771209637,0.0594059405940594
628,-0.10454296661193212,0.6831683168316832,0.21127531472359057,0.12871287128712872
629,-0.054187192118226604,0.6138613861386139,0.055281882868089764,0.40594059405940597
630,0.05199781061850027,0.36633663366336633,0.21839080459770116,0.19801980198019803
631,-0.03393541324575808,0.5346534653465347,0.2019704433497537,0.12871287128712872
632,0.05090311986863711,0.37623762376237624,0.26655719759168034,0.1188118811881188
633,-0.10563765736179528,0.7227722772277227,0.19704433497536944,0.27722772277227725
634,-0.014230979748221127,0.5148514851485149,0.307608100711549,0.1188118811881188
635,-0.05747126436781609,0.504950495049505,0.37766830870279144,0.07920792079207921
636,-0.17624521072796934,0.801980198019802,0.18007662835249041,0.26732673267326734
637,-0.1713191023535851,0.8118811881188119,0.10344827586206896,0.2871287128712871
638,0.10125889436234263,0.2871287128712871,0.2676518883415435,0.15841584158415842
639,-0.07389162561576354,0.6732673267326733,0.28407224958949095,0.09900990099009901
640,-0.062397372742200335,0.5841584158415841,0.2616310892172961,0.13861386138613863
641,0.046524356869184456,0.43564356435643564,0.31089217296113847,0.06930693069306931
642,-0.003284072249589491,0.5544554455445545,0.30815544608648054,0.1485148514851485
643,-0.1384783798576902,0.6732673267326733,0.12041598248494799,0.2871287128712871
644,0.00930487137383689,0.39603960396039606,0.22112753147235906,0.19801980198019803
645,-0.1718664477285167,0.7821782178217822,0.11056376573617953,0.36633663366336633
646,-0.01532567049808429,0.5148514851485149,0.29775588396278047,0.12871287128712872
647,-0.047619047619047616,0.504950495049505,0.17569786535303775,0.21782178217821782
648,0.04433497536945813,0.3564356435643564,0.2627257799671593,0.1485148514851485
649,0.0782703886152162,0.33663366336633666,0.36453201970443344,0.09900990099009901
650,-0.05363984674329502,0.5742574257425742,0.1384783798576902,0.3069306930693069
651,-0.0060207991242474,0.46534653465346537,0.17679255610290093,0.19801980198019803
652,-0.13081554460864805,0.7425742574257426,0.0010946907498631637,0.46534653465346537
653,-0.04050355774493705,0.5841584158415841,0.16584564860426929,0.2871287128712871
654,0.002736726874657909,0.45544554455445546,0.24247400109469072,0.12871287128712872
655,-0.0180623973727422,0.48514851485148514,0.18719211822660098,0.25742574257425743
656,-0.04707170224411604,0.6435643564356436,-0.054187192118226604,0.5544554455445545
657,0.09140667761357417,0.2871287128712871,0.20361247947454844,0.24752475247524752
658,-0.2019704433497537,0.8910891089108911,0.25889436234263824,0.2376237623762376
659,0.0810071154898741,0.31683168316831684,0.3130815544608648,0.13861386138613863
660,0.007662835249042145,0.38613861386138615,0.42419266557197594,0.0594059405940594
661,-0.01860974274767378,0.49504950495049505,0.4165298303229338,0.0297029702970297
662,-0.06349206349206349,0.6732673267326733,0.11384783798576902,0.3069306930693069
663,-0.02079912424740011,0.46534653465346537,0.34646962233169126,0.07920792079207921
664,-0.1652983032293377,0.7524752475247525,0.22112753147235906,0.2079207920792079
665,-0.06841817186644773,0.6534653465346535,0.28133552271483303,0.10891089108910891
666,-0.08155446086480568,0.5544554455445545,0.09852216748768472,0.40594059405940597
667,-0.031746031746031744,0.46534653465346537,0.16365626710454295,0.2871287128712871
668,0.030103995621236997,0.43564356435643564,0.30268199233716475,0.07920792079207921
669,-0.16420361247947454,0.7821782178217822,0.2523262178434592,0.1485148514851485
670,-0.047619047619047616,0.5742574257425742,0.1685823754789272,0.26732673267326734
671,0.005473453749315818,0.49504950495049505,0.31636562671045426,0.16831683168316833
672,-0.03886152162014231,0.5841584158415841,0.07334428024083196,0.3564356435643564
673,-0.07608100711548987,0.6138613861386139,-0.0049261083743842365,0.46534653465346537
674,-0.22112753147235906,0.8217821782178217,-0.03065134099616858,0.5643564356435643
675,0.06403940886699507,0.38613861386138615,0.31198686371100165,0.0891089108910891
676,0.05856595511767926,0.4158415841584158,0.26491516146688554,0.15841584158415842
677,-0.05747126436781609,0.6237623762376238,0.33169129720853857,0.12871287128712872
678,-0.07060755336617405,0.6039603960396039,0.2621784345922277,0.13861386138613863
679,-0.0049261083743842365,0.4752475247524752,0.2370005473453749,0.19801980198019803
680,0.010946907498631636,0.45544554455445546,0.2742200328407225,0.10891089108910891
681,-0.13738368910782706,0.7524752475247525,0.09031198686371099,0.38613861386138615
682,-0.06513409961685823,0.5841584158415841,0.20799124247400108,0.15841584158415842
683,0.0060207991242474,0.4158415841584158,0.24247400109469072,0.16831683168316833
684,-0.011494252873563218,0.46534653465346537,0.3420908593322386,0.13861386138613863
685,-0.07498631636562669,0.6039603960396039,0.15489874110563767,0.2871287128712871
686,0.03229337712096333,0.4158415841584158,0.32676518883415434,0.12871287128712872
687,-0.1291735084838533,0.7326732673267327,0.020251778872468526,0.33663366336633666
688,-0.16091954022988503,0.7821782178217822,0.2194854953475643,0.24752475247524752
689,0.01751505199781062,0.45544554455445546,0.2282430213464696,0.2376237623762376
690,-0.0010946907498631637,0.49504950495049505,0.17624521072796934,0.26732673267326734
691,-0.050355774493705534,0.6435643564356436,0.23152709359605914,0.18811881188118812
692,0.04324028461959496,0.45544554455445546,0.36015325670498083,0.10891089108910891
693,-0.04926108374384236,0.5445544554455446,0.2370005473453749,0.13861386138613863
694,-0.2047071702244116,0.8514851485148515,0.07389162561576354,0.37623762376237624
695,0.1417624521072797,0.2376237623762376,0.30596606458675424,0.07920792079207921
696,0.2019704433497537,0.12871287128712872,0.25506294471811713,0.1782178217821782
697,0.08045977011494251,0.31683168316831684,0.2463054187192118,0.12871287128712872
698,-0.05363984674329502,0.594059405940594,0.2556102900930487,0.19801980198019803
699,0.06403940886699507,0.43564356435643564,0.35467980295566504,0.04950495049504951
700,0.15216201423097975,0.297029702970297,0.3579638752052545,0.039603960396039604
701,0.1346469622331691,0.26732673267326734,0.35467980295566504,0.019801980198019802
702,-0.09140667761357417,0.594059405940594,0.15270935960591134,0.27722772277227725
703,-0.022441160372194853,0.5247524752475248,0.20744389709906952,0.1782178217821782
704,-0.003284072249589491,0.44554455445544555,0.21127531472359057,0.16831683168316833
705,-0.019157088122605366,0.5346534653465347,-0.08593322386425835,0.5247524752475248
706,0.019704433497536946,0.4158415841584158,0.2621784345922277,0.22772277227722773
707,-0.08866995073891626,0.6534653465346535,0.06349206349206349,0.4158415841584158
708,0.07115489874110564,0.39603960396039606,0.3918992884510125,0.0891089108910891
709,0.1111111111111111,0.3069306930693069,0.3037766830870279,0.18811881188118812
710,-0.05911330049261084,0.6435643564356436,0.00930487137383689,0.5544554455445545
711,0.01696770662287904,0.45544554455445546,0.3130815544608648,0.06930693069306931
712,-0.07060755336617405,0.6732673267326733,0.2348111658456486,0.25742574257425743
713,0.02681992337164751,0.44554455445544555,0.3426382047071702,0.0594059405940594
714,-0.06513409961685823,0.6732673267326733,0.1899288451012589,0.1782178217821782
715,0.09578544061302681,0.22772277227722773,0.19102353585112206,0.2871287128712871
716,0.006568144499178982,0.5742574257425742,0.3355227148330596,0.0891089108910891
717,-0.12260536398467432,0.6633663366336634,0.1954022988505747,0.1782178217821782
718,-0.02681992337164751,0.5643564356435643,0.11986863711001641,0.26732673267326734
719,0.04597701149425287,0.4752475247524752,0.27805145046524354,0.07920792079207921
720,0.008210180623973728,0.42574257425742573,0.2260536398467433,0.13861386138613863
721,-0.00930487137383689,0.44554455445544555,0.32019704433497537,0.10891089108910891
722,-0.12479474548440067,0.7128712871287128,0.1395730706075534,0.27722772277227725
723,-0.016420361247947456,0.504950495049505,0.31800766283524906,0.12871287128712872
724,-0.010399562123700055,0.5346534653465347,0.20525451559934318,0.15841584158415842
725,0.0963327859879584,0.3069306930693069,0.2818828680897646,0.12871287128712872
726,0.021893814997263273,0.45544554455445546,0.33004926108374383,0.10891089108910891
727,-0.01696770662287904,0.5247524752475248,0.39244663382594414,0.10891089108910891
728,-0.14066776135741652,0.693069306930693,0.05090311986863711,0.46534653465346537
729,0.13793103448275862,0.1485148514851485,0.2348111658456486,0.1782178217821782
730,-0.16091954022988503,0.7227722772277227,0.2375478927203065,0.2079207920792079
731,-0.031198686371100168,0.5544554455445545,0.3399014778325123,0.1485148514851485
732,-0.05309250136836344,0.6435643564356436,0.11001642036124794,0.3564356435643564
733,-0.0180623973727422,0.5841584158415841,0.18336070060207993,0.24752475247524752
734,-0.17296113847837985,0.8316831683168316,0.025177887246852767,0.37623762376237624
735,0.062397372742200335,0.38613861386138615,0.24904214559386975,0.2079207920792079
736,-0.09742747673782157,0.6336633663366337,0.27257799671592775,0.16831683168316833
737,0.13355227148330595,0.22772277227722773,0.24575807334428024,0.1782178217821782
738,0.13519430760810072,0.25742574257425743,0.3388067870826491,0.0891089108910891
739,-0.042692939244663386,0.5148514851485149,0.3043240284619595,0.1188118811881188
740,0.09797482211275313,0.3069306930693069,0.21784345922276957,0.1485148514851485
741,0.14942528735632182,0.2376237623762376,0.3295019157088122,0.12871287128712872
742,0.06403940886699507,0.32673267326732675,0.20415982484948003,0.1188118811881188
743,0.03940886699507389,0.38613861386138615,0.0870279146141215,0.3465346534653465
744,0.16037219485495346,0.1782178217821782,0.31910235358511224,0.09900990099009901
745,-0.05199781061850027,0.5841584158415841,0.21237000547345375,0.16831683168316833
746,-0.01532567049808429,0.5247524752475248,0.26491516146688554,0.1485148514851485
747,-0.04871373836891078,0.5247524752475248,0.34646962233169126,0.07920792079207921
748,0.06130268199233716,0.36633663366336633,0.10399562123700054,0.297029702970297
749,-0.022988505747126436,0.4752475247524752,0.307608100711549,0.13861386138613863
750,-0.041050903119868636,0.45544554455445546,0.12753147235905857,0.31683168316831684
751,-0.05747126436781609,0.6138613861386139,0.1652983032293377,0.19801980198019803
752,-0.08374384236453201,0.5643564356435643,0.2534209085933224,0.1188118811881188
753,-0.09688013136288998,0.7326732673267327,0.2851669403393541,0.15841584158415842
754,0.12534209085933223,0.27722772277227725,0.30103995621237,0.13861386138613863
755,-0.01477832512315271,0.45544554455445546,0.3333333333333333,0.07920792079207921
756,0.060207991242473995,0.2376237623762376,0.23371647509578544,0.0594059405940594
757,-0.022441160372194853,0.5346534653465347,0.13628899835796388,0.40594059405940597
758,0.12370005473453749,0.21782178217821782,0.21565407772304324,0.18811881188118812
759,-0.03065134099616858,0.5841584158415841,0.18719211822660098,0.16831683168316833
760,0.12205801860974276,0.2079207920792079,0.3426382047071702,0.06930693069306931
761,0.12753147235905857,0.24752475247524752,0.4055829228243021,0.019801980198019802
762,0.09469074986316366,0.24752475247524752,0.307608100711549,0.039603960396039604
763,-0.02463054187192118,0.48514851485148514,0.17843459222769564,0.24752475247524752
764,-0.0180623973727422,0.5346534653465347,0.25123152709359603,0.21782178217821782
765,0.09688013136288998,0.27722772277227725,0.28735632183908044,0.09900990099009901
766,-0.11275314723590585,0.6633663366336634,0.12041598248494799,0.2871287128712871
767,0.07881773399014778,0.3069306930693069,0.31800766283524906,0.04950495049504951
768,-0.00930487137383689,0.44554455445544555,0.20799124247400108,0.1485148514851485
769,0.060207991242473995,0.26732673267326734,0.13793103448275862,0.24752475247524752
770,-0.01696770662287904,0.6039603960396039,0.24411603721948552,0.16831683168316833
771,-0.011494252873563218,0.45544554455445546,0.1346469622331691,0.26732673267326734
772,0.10016420361247948,0.31683168316831684,0.3442802408319649,0.07920792079207921
773,-0.09304871373836891,0.6831683168316832,0.2616310892172961,0.16831683168316833
774,-0.013683634373289545,0.5247524752475248,0.40667761357416526,0.0297029702970297
775,0.07608100711548987,0.297029702970297,0.36836343732895455,0.039603960396039604
776,0.03721948549534756,0.38613861386138615,0.24958949096880134,0.13861386138613863
777,0.042692939244663386,0.3069306930693069,0.37547892720306514,0.039603960396039604
778,-0.028461959496442254,0.5346534653465347,0.37055281882868085,0.039603960396039604
779,0.10837438423645321,0.22772277227722773,0.3875205254515599,0.039603960396039604
780,0.08155446086480568,0.32673267326732675,0.3448275862068966,0.039603960396039604
781,-0.06622879036672139,0.5544554455445545,0.1395730706075534,0.18811881188118812
782,0.005473453749315818,0.46534653465346537,0.33388067870826493,0.13861386138613863
783,0.07279693486590037,0.36633663366336633,0.2681992337164751,0.12871287128712872
784,0.0421455938697318,0.38613861386138615,0.42419266557197594,0.0594059405940594
785,-0.010399562123700055,0.5544554455445545,0.19157088122605362,0.16831683168316833
786,0.08976464148877941,0.37623762376237624,0.3103448275862069,0.09900990099009901
787,-0.08210180623973727,0.693069306930693,0.2829775588396278,0.1485148514851485
788,-0.041050903119868636,0.6336633663366337,0.29720853858784896,0.0891089108910891
789,0.07006020799124248,0.40594059405940597,0.3437328954570334,0.0891089108910891
790,0.09031198686371099,0.27722772277227725,0.2917350848385331,0.10891089108910891
791,-0.04980842911877395,0.5445544554455446,0.10782703886152162,0.3564356435643564
792,-0.08374384236453201,0.5544554455445545,0.012588943623426383,0.5247524752475248
793,-0.1647509578544061,0.801980198019802,-0.04324028461959496,0.5742574257425742
794,-0.06568144499178982,0.5148514851485149,0.24958949096880134,0.13861386138613863
795,0.019157088122605366,0.5247524752475248,0.38368910782703886,0.04950495049504951
796,0.04926108374384236,0.31683168316831684,0.35960591133004927,0.0594059405940594
797,-0.11877394636015325,0.7029702970297029,0.19978106185002736,0.22772277227722773
798,0.050355774493705534,0.32673267326732675,0.33004926108374383,0.1782178217821782
799,0.060207991242473995,0.2871287128712871,0.18171866447728516,0.26732673267326734
800,-0.0361247947454844,0.6039603960396039,0.12534209085933223,0.25742574257425743
801,0.050355774493705534,0.2376237623762376,0.25123152709359603,0.13861386138613863
802,-0.062397372742200335,0.5643564356435643,0.13136288998357964,0.32673267326732675
803,-0.0722495894909688,0.5445544554455446,0.2463054187192118,0.09900990099009901
804,-0.07991242474001095,0.5544554455445545,0.23097974822112752,0.13861386138613863
805,-0.09414340448823208,0.7128712871287128,0.22660098522167485,0.18811881188118812
806,-0.08319649698960044,0.7326732673267327,0.34099616858237547,0.07920792079207921
807,-0.05582922824302135,0.6732673267326733,0.31746031746031744,0.16831683168316833
808,-0.02353585112205802,0.5346534653465347,0.2019704433497537,0.1782178217821782
809,0.01532567049808429,0.297029702970297,0.15818281335522713,0.297029702970297
810,-0.00930487137383689,0.49504950495049505,0.30487137383689106,0.09900990099009901
811,-0.11001642036124794,0.7524752475247525,0.2320744389709907,0.18811881188118812
812,-0.0782703886152162,0.6039603960396039,0.11877394636015325,0.2871287128712871
813,-0.11001642036124794,0.693069306930693,0.1412151067323481,0.26732673267326734
814,0.07279693486590037,0.39603960396039606,0.2753147235905857,0.06930693069306931
815,0.08976464148877941,0.31683168316831684,0.2983032293377121,0.0891089108910891
816,-0.06513409961685823,0.5643564356435643,0.23152709359605914,0.22772277227722773
817,-0.04871373836891078,0.5544554455445545,0.15435139573070608,0.24752475247524752
818,0.014230979748221127,0.4752475247524752,0.29994526546250677,0.18811881188118812
819,-0.08648056923918993,0.6633663366336634,0.1384783798576902,0.2376237623762376
820,-0.0120415982484948,0.42574257425742573,0.2282430213464696,0.10891089108910891
821,-0.08593322386425835,0.7128712871287128,0.270935960591133,0.1188118811881188
822,-0.05582922824302135,0.594059405940594,0.3399014778325123,0.0594059405940594
823,-0.03776683087027915,0.48514851485148514,0.14997263273125339,0.2871287128712871
824,0.014230979748221127,0.46534653465346537,0.21237000547345375,0.21782178217821782
825,-0.025177887246852767,0.6435643564356436,0.2764094143404488,0.13861386138613863
826,-0.044882320744389706,0.5742574257425742,0.24192665571975916,0.24752475247524752
827,0.05911330049261084,0.38613861386138615,0.3497536945812808,0.06930693069306931
828,-0.019704433497536946,0.5247524752475248,0.2260536398467433,0.18811881188118812
829,0.02353585112205802,0.40594059405940597,0.13738368910782706,0.3465346534653465
830,-0.0421455938697318,0.5247524752475248,0.04597701149425287,0.4158415841584158
831,-0.21127531472359057,0.7920792079207921,0.1319102353585112,0.32673267326732675
832,-0.04597701149425287,0.6039603960396039,0.31362889983579634,0.0891089108910891
833,0.05199781061850027,0.504950495049505,0.4017515051997811,0.0297029702970297
834,-0.0421455938697318,0.6237623762376238,0.12260536398467432,0.31683168316831684
835,-0.0016420361247947454,0.37623762376237624,0.19376026272577995,0.2079207920792079
836,-0.08593322386425835,0.6534653465346535,0.2922824302134647,0.1782178217821782
837,0.05747126436781609,0.44554455445544555,0.3442802408319649,0.0594059405940594
838,0.050355774493705534,0.44554455445544555,0.1023535851122058,0.31683168316831684
839,0.14285714285714285,0.2871287128712871,0.25068418171866447,0.16831683168316833
840,-0.0005473453749315818,0.46534653465346537,0.1598248494800219,0.297029702970297
841,-0.006568144499178982,0.4158415841584158,0.10892172961138478,0.2871287128712871
842,-0.08483853311439518,0.594059405940594,0.07608100711548987,0.2871287128712871
843,-0.20580186097427478,0.9108910891089109,0.09250136836343732,0.33663366336633666
844,0.10727969348659004,0.33663366336633666,0.30596606458675424,0.06930693069306931
845,0.030103995621236997,0.4752475247524752,0.25889436234263824,0.1782178217821782
846,-0.0010946907498631637,0.49504950495049505,0.29720853858784896,0.0594059405940594
847,0.04324028461959496,0.43564356435643564,0.3355227148330596,0.039603960396039604
848,0.14887794198139023,0.1782178217821782,0.2583470169677066,0.16831683168316833
849,-0.1346469622331691,0.7425742574257426,0.22660098522167485,0.24752475247524752
850,0.059660645867542425,0.2871287128712871,0.12534209085933223,0.32673267326732675
851,-0.054187192118226604,0.6138613861386139,0.10509031198686371,0.32673267326732675
852,0.047619047619047616,0.43564356435643564,0.27586206896551724,0.10891089108910891
853,0.11220580186097427,0.3069306930693069,0.30487137383689106,0.06930693069306931
854,-0.022988505747126436,0.5148514851485149,0.11330049261083742,0.32673267326732675
855,-0.13245758073344277,0.7821782178217822,0.04980842911877395,0.45544554455445546
856,-0.07115489874110564,0.5841584158415841,0.1691297208538588,0.2079207920792079
857,-0.03886152162014231,0.5148514851485149,0.3004926108374384,0.09900990099009901
858,0.06841817186644773,0.3564356435643564,0.21072796934865898,0.2376237623762376
859,0.11877394636015325,0.19801980198019803,0.3661740558292282,0.0891089108910891
860,0.0021893814997263274,0.4752475247524752,0.24958949096880134,0.15841584158415842
861,0.03667214012041598,0.40594059405940597,0.25779967159277506,0.18811881188118812
862,0.0717022441160372,0.32673267326732675,0.21729611384783798,0.21782178217821782
863,0.0722495894909688,0.33663366336633666,0.2824302134646962,0.1782178217821782
864,0.03065134099616858,0.45544554455445546,0.3475643130815544,0.07920792079207921
865,-0.14942528735632182,0.7029702970297029,0.20799124247400108,0.26732673267326734
866,-0.0021893814997263274,0.5544554455445545,0.2348111658456486,0.16831683168316833
867,-0.046524356869184456,0.594059405940594,0.14285714285714285,0.32673267326732675
868,0.14012041598248495,0.297029702970297,0.21674876847290642,0.10891089108910891
869,-0.08264915161466885,0.6039603960396039,0.21510673234811167,0.15841584158415842
870,-0.05856595511767926,0.6039603960396039,0.07662835249042146,0.38613861386138615
871,-0.0870279146141215,0.5742574257425742,0.09414340448823208,0.297029702970297
872,0.0996168582375479,0.37623762376237624,0.25068418171866447,0.1485148514851485
873,-0.157088122605364,0.8217821782178217,0.1538040503557745,0.25742574257425743
874,0.11384783798576902,0.27722772277227725,0.3295019157088122,0.06930693069306931
875,0.21839080459770116,0.12871287128712872,0.40229885057471265,0.04950495049504951
876,0.04050355774493705,0.43564356435643564,0.2205801860974275,0.1485148514851485
877,0.1111111111111111,0.2376237623762376,0.39244663382594414,0.039603960396039604
878,0.09852216748768472,0.27722772277227725,0.3054187192118227,0.04950495049504951
879,-0.13026819923371646,0.7524752475247525,0.11275314723590585,0.26732673267326734
880,-0.03831417624521073,0.46534653465346537,0.15216201423097975,0.21782178217821782
881,0.09250136836343732,0.27722772277227725,0.32074438970990693,0.1485148514851485
882,0.00930487137383689,0.42574257425742573,0.34646962233169126,0.06930693069306931
883,-0.020251778872468526,0.6534653465346535,0.25615763546798026,0.1188118811881188
884,-0.02681992337164751,0.5841584158415841,0.1986863711001642,0.27722772277227725
885,0.061850027367268745,0.36633663366336633,0.3842364532019705,0.0594059405940594
886,-0.06787082649151616,0.6435643564356436,0.33169129720853857,0.1188118811881188
887,-0.01696770662287904,0.5346534653465347,0.3284072249589491,0.10891089108910891
888,-0.19704433497536944,0.7821782178217822,0.005473453749315818,0.5247524752475248
889,-0.06349206349206349,0.5643564356435643,0.07389162561576354,0.4158415841584158
890,0.10399562123700054,0.27722772277227725,0.2889983579638752,0.09900990099009901
891,0.03338806787082649,0.3564356435643564,0.33114395183360695,0.07920792079207921
892,-0.07060755336617405,0.7029702970297029,-0.05911330049261084,0.48514851485148514
893,-0.11548987411056376,0.6534653465346535,0.10727969348659004,0.37623762376237624
894,-0.016420361247947456,0.48514851485148514,0.2802408319649699,0.12871287128712872
895,0.09797482211275313,0.32673267326732675,0.3656267104542967,0.0594059405940594
896,-0.05856595511767926,0.6039603960396039,0.2868089764641488,0.2079207920792079
897,-0.0722495894909688,0.5742574257425742,0.06787082649151616,0.40594059405940597
898,0.15435139573070608,0.15841584158415842,0.4236453201970443,0.019801980198019802
899,-0.19102353585112206,0.8316831683168316,0.09414340448823208,0.44554455445544555
900,0.014230979748221127,0.4752475247524752,0.23097974822112752,0.12871287128712872
901,-0.010946907498631636,0.5148514851485149,0.3289545703338807,0.1188118811881188
902,-0.10180623973727422,0.7227722772277227,0.1713191023535851,0.22772277227722773
903,-0.01860974274767378,0.49504950495049505,0.21784345922276957,0.1782178217821782
904,0.042692939244663386,0.4752475247524752,0.29064039408866993,0.10891089108910891
905,0.05199781061850027,0.4158415841584158,0.4176245210727969,0.04950495049504951
906,0.0010946907498631637,0.45544554455445546,0.31253420908593316,0.1782178217821782
907,-0.0060207991242474,0.5247524752475248,0.24740010946907498,0.16831683168316833
908,-0.17350848385331144,0.8712871287128713,0.21620142309797483,0.22772277227722773
909,0.050355774493705534,0.40594059405940597,0.25123152709359603,0.1188118811881188
910,0.08264915161466885,0.37623762376237624,0.31253420908593316,0.06930693069306931
911,-0.03776683087027915,0.5544554455445545,0.3004926108374384,0.12871287128712872
912,0.0071154898741105635,0.4752475247524752,0.20361247947454844,0.1782178217821782
913,-0.03503010399562124,0.504950495049505,0.24794745484400657,0.1485148514851485
914,0.007662835249042145,0.504950495049505,0.2638204707170224,0.21782178217821782
915,-0.09797482211275313,0.6336633663366337,0.1384783798576902,0.32673267326732675
916,-0.07443897099069512,0.5643564356435643,0.3672687465790914,0.10891089108910891
917,-0.020251778872468526,0.5247524752475248,0.270935960591133,0.1188118811881188
918,0.13793103448275862,0.24752475247524752,0.17515051997810618,0.26732673267326734
919,0.10673234811165844,0.2871287128712871,0.10892172961138478,0.25742574257425743
920,0.06513409961685823,0.3465346534653465,0.17788724685276408,0.1782178217821782
921,0.13793103448275862,0.15841584158415842,0.3420908593322386,0.039603960396039604
922,0.10180623973727422,0.26732673267326734,0.21784345922276957,0.19801980198019803
923,-0.015873015873015872,0.4752475247524752,0.0717022441160372,0.3564356435643564
924,-0.15161466885604818,0.7227722772277227,0.12643678160919541,0.22772277227722773
925,0.03940886699507389,0.39603960396039606,0.18445539135194308,0.21782178217821782
926,-0.008210180623973728,0.5346534653465347,0.25779967159277506,0.15841584158415842
927,-0.020251778872468526,0.48514851485148514,0.1620142309797482,0.25742574257425743
928,-0.03940886699507389,0.504950495049505,0.17843459222769564,0.16831683168316833
929,0.10125889436234263,0.27722772277227725,0.30815544608648054,0.039603960396039604
930,0.02353585112205802,0.36633663366336633,0.3251231527093596,0.1485148514851485
931,0.06458675424192666,0.33663366336633666,0.33278598795840175,0.12871287128712872
932,0.0782703886152162,0.39603960396039606,0.33004926108374383,0.0891089108910891
933,0.060207991242473995,0.36633663366336633,0.34537493158182814,0.1188118811881188
934,-0.16803503010399565,0.8118811881188119,0.03557744937055282,0.46534653465346537
935,0.02353585112205802,0.40594059405940597,0.350848385331144,0.039603960396039604
936,-0.11275314723590585,0.6831683168316832,0.25944170771756975,0.1782178217821782
937,-0.1444991789819376,0.8118811881188119,0.08976464148877941,0.3564356435643564
938,0.0990695128626163,0.36633663366336633,0.2714833059660646,0.1485148514851485
939,0.150519978106185,0.26732673267326734,0.36179529282977557,0.07920792079207921
940,0.10454296661193212,0.3069306930693069,0.20251778872468526,0.22772277227722773
941,0.03065134099616858,0.38613861386138615,0.32074438970990693,0.019801980198019802
942,0.008210180623973728,0.45544554455445546,0.3727422003284072,0.12871287128712872
943,-0.15763546798029557,0.7722772277227723,0.0810071154898741,0.39603960396039606
944,0.021346469622331693,0.504950495049505,0.17898193760262726,0.18811881188118812
945,-0.020251778872468526,0.6534653465346535,0.24083196496989598,0.12871287128712872
946,-0.06130268199233716,0.6336633663366337,0.20744389709906952,0.18811881188118812
947,-0.03886152162014231,0.6534653465346535,0.24958949096880134,0.1188118811881188
948,-0.15435139573070608,0.7524752475247525,0.005473453749315818,0.4158415841584158
949,0.0421455938697318,0.38613861386138615,0.1412151067323481,0.26732673267326734
950,-0.06841817186644773,0.6435643564356436,0.09852216748768472,0.26732673267326734
951,-0.0361247947454844,0.49504950495049505,0.2731253420908593,0.12871287128712872
952,0.007662835249042145,0.42574257425742573,0.3371647509578544,0.04950495049504951
953,0.08593322386425835,0.25742574257425743,0.31636562671045426,0.12871287128712872
954,0.12424740010946908,0.22772277227722773,0.3393541324575807,0.0891089108910891
955,0.10399562123700054,0.31683168316831684,0.40777230432402845,0.0297029702970297
956,0.01477832512315271,0.40594059405940597,0.3234811165845649,0.12871287128712872
957,0.011494252873563218,0.42574257425742573,0.2922824302134647,0.12871287128712872
958,0.07060755336617405,0.21782178217821782,0.35960591133004927,0.12871287128712872
959,0.060207991242473995,0.37623762376237624,0.3875205254515599,0.009900990099009901
960,0.015873015873015872,0.5247524752475248,0.2775041050903119,0.12871287128712872
961,0.0049261083743842365,0.504950495049505,0.07334428024083196,0.32673267326732675
962,0.005473453749315818,0.49504950495049505,0.1472359058565955,0.2871287128712871
963,0.12643678160919541,0.19801980198019803,0.35851122058018614,0.07920792079207921
964,-0.07279693486590037,0.6138613861386139,0.22714833059660647,0.22772277227722773
965,0.10892172961138478,0.297029702970297,0.3700054734537493,0.04950495049504951
966,0.08921729611384782,0.31683168316831684,0.3305966064586754,0.09900990099009901
967,-0.022441160372194853,0.48514851485148514,0.24575807334428024,0.10891089108910891
968,-0.03776683087027915,0.4752475247524752,0.31089217296113847,0.07920792079207921
969,0.0722495894909688,0.33663366336633666,0.3305966064586754,0.10891089108910891
970,-0.12205801860974276,0.7425742574257426,0.20361247947454844,0.2079207920792079
971,0.031198686371100168,0.46534653465346537,0.15599343185550082,0.26732673267326734
972,-0.0755336617405583,0.6534653465346535,0.13355227148330595,0.22772277227722773
973,-0.019157088122605366,0.5247524752475248,0.22495894909688013,0.1782178217821782
974,0.10180623973727422,0.27722772277227725,0.37931034482758613,0.0297029702970297
975,0.10344827586206896,0.297029702970297,0.34099616858237547,0.06930693069306931
976,-0.0240831964969896,0.5346534653465347,0.2282430213464696,0.15841584158415842
977,0.031198686371100168,0.3564356435643564,0.3295019157088122,0.0891089108910891
978,0.006568144499178982,0.5247524752475248,0.31746031746031744,0.13861386138613863
979,-0.02463054187192118,0.4752475247524752,0.12424740010946908,0.297029702970297
980,0.058018609742747675,0.36633663366336633,0.18773946360153257,0.2871287128712871
981,-0.04980842911877395,0.6534653465346535,0.2638204707170224,0.1188118811881188
982,-0.06787082649151616,0.6435643564356436,0.1625615763546798,0.13861386138613863
983,-0.07389162561576354,0.5742574257425742,0.2731253420908593,0.15841584158415842
984,-0.10727969348659004,0.6633663366336634,0.13245758073344277,0.27722772277227725
985,-0.008210180623973728,0.5148514851485149,0.32567049808429116,0.12871287128712872
986,-0.01751505199781062,0.5544554455445545,0.2583470169677066,0.18811881188118812
987,0.21893814997263272,0.13861386138613863,0.43459222769567596,0.019801980198019802
988,0.1444991789819376,0.16831683168316833,0.3169129720853858,0.06930693069306931
989,-0.17624521072796934,0.8415841584158416,0.09742747673782157,0.2871287128712871
990,0.08757525998905309,0.38613861386138615,0.25396825396825395,0.12871287128712872
991,-0.11001642036124794,0.7128712871287128,0.07717569786535304,0.42574257425742573
992,0.010399562123700055,0.42574257425742573,0.2681992337164751,0.19801980198019803
993,-0.03065134099616858,0.6039603960396039,0.31253420908593316,0.10891089108910891
994,0.04597701149425287,0.4158415841584158,0.25068418171866447,0.1485148514851485
995,-0.027914614121510674,0.5148514851485149,0.37164750957854403,0.0594059405940594
996,0.08866995073891626,0.19801980198019803,0.37219485495347565,0.06930693069306931
997,0.01477832512315271,0.44554455445544555,0.32567049808429116,0.1188118811881188
998,-0.050355774493705534,0.5445544554455446,0.3918992884510125,0.09900990099009901
999,0.0755336617405583,0.2871287128712871,0.2753147235905857,0.09900990099009901
1000,0.08155446086480568,0.27722772277227725,0.2928297755883963,0.0594059405940594
